Class	Name
1	sad
1	sad
1	sad
1	sad
1	sad
1	sad
1	sad
1	sad
1	sad
1	sad
1	sad
1	sad
1	sad
1	sad
1	sad
1	sad
1	sad
1	sad
1	sad
1	sad
1	sad
1	sad
1	sad
1	sad
1	sad
1	sad
1	sad
1	sad
1	sad
1	sad
1	sad
1	sad
1	sad
1	sad
1	sad
1	sad
1	sad
1	sad
1	sad
1	sad
1	sad
1	sad
1	sad
1	sad
1	sad
1	sad
1	sad
1	sad
1	sad
1	sad
1	sad
1	sad
1	sad
1	sad
1	sad
1	sad
1	sad
1	sad
1	sad
1	sad
1	sad
1	sad
1	sad
1	sad
1	sad
1	sad
1	sad
1	sad
1	sad
1	sad
1	sad
1	sad
1	sad
1	sad
1	sad
1	sad
1	sad
1	sad
1	sad
1	sad
1	sad
1	sad
1	sad
1	sad
1	sad
1	sad
1	sad
1	sad
1	sad
1	sad
1	sad
1	sad
1	sad
1	sad
1	sad
1	sad
1	sad
1	sad
1	sad
1	sad
1	sad
1	sad
1	sad
1	sad
1	sad
1	sad
1	sad
1	sad
1	sad
1	sad
1	sad
1	sad
1	sad
1	sad
1	sad
1	sad
1	sad
1	sad
1	sad
1	sad
1	sad
1	sad
1	sad
1	sad
1	sad
1	sad
1	sad
1	sad
1	sad
1	sad
1	sad
1	sad
1	sad
1	sad
1	sad
1	sad
1	sad
1	sad
1	sad
1	sad
1	sad
1	sad
1	sad
1	sad
1	sad
1	sad
1	sad
1	sad
1	sad
1	sad
1	sad
1	sad
1	sad
1	sad
1	sad
1	sad
1	sad
1	sad
1	sad
1	sad
1	sad
1	sad
1	sad
1	sad
1	sad
1	sad
1	sad
1	sad
1	sad
1	sad
1	sad
1	sad
1	sad
1	sad
1	sad
1	sad
1	sad
1	sad
1	sad
1	sad
1	sad
1	sad
1	sad
1	sad
1	sad
1	sad
1	sad
1	sad
1	sad
1	sad
1	sad
1	sad
1	sad
1	sad
1	sad
1	sad
1	sad
1	sad
1	sad
1	sad
2	happ
2	happ
2	happ
2	happ
2	happ
2	happ
2	happ
2	happ
2	happ
2	happ
2	happ
2	happ
2	happ
2	happ
2	happ
2	happ
2	happ
2	happ
2	happ
2	happ
2	happ
2	happ
2	happ
2	happ
2	happ
2	happ
2	happ
2	happ
2	happ
2	happ
2	happ
2	happ
2	happ
2	happ
2	happ
2	happ
2	happ
2	happ
2	happ
2	happ
2	happ
2	happ
2	happ
2	happ
2	happ
2	happ
2	happ
2	happ
2	happ
2	happ
2	happ
2	happ
2	happ
2	happ
2	happ
2	happ
2	happ
2	happ
2	happ
2	happ
2	happ
2	happ
2	happ
2	happ
2	happ
2	happ
2	happ
2	happ
2	happ
2	happ
2	happ
2	happ
2	happ
2	happ
2	happ
2	happ
2	happ
2	happ
2	happ
2	happ
2	happ
2	happ
2	happ
2	happ
2	happ
2	happ
2	happ
2	happ
2	happ
2	happ
2	happ
2	happ
2	happ
2	happ
2	happ
2	happ
2	happ
2	happ
2	happ
2	happ
2	happ
2	happ
2	happ
2	happ
2	happ
2	happ
2	happ
2	happ
2	happ
2	happ
2	happ
2	happ
2	happ
2	happ
2	happ
2	happ
2	happ
2	happ
2	happ
2	happ
2	happ
2	happ
2	happ
2	happ
2	happ
2	happ
2	happ
2	happ
2	happ
2	happ
2	happ
2	happ
2	happ
2	happ
2	happ
2	happ
2	happ
2	happ
2	happ
2	happ
2	happ
2	happ
2	happ
2	happ
2	happ
2	happ
2	happ
2	happ
2	happ
2	happ
2	happ
2	happ
2	happ
2	happ
2	happ
2	happ
2	happ
2	happ
2	happ
2	happ
2	happ
2	happ
2	happ
2	happ
2	happ
2	happ
2	happ
2	happ
2	happ
2	happ
2	happ
2	happ
2	happ
2	happ
2	happ
2	happ
2	happ
2	happ
2	happ
2	happ
2	happ
2	happ
2	happ
2	happ
2	happ
2	happ
2	happ
2	happ
2	happ
2	happ
2	happ
2	happ
2	happ
2	happ
2	happ
2	happ
2	happ
2	happ
2	happ
2	happ
